identifier,ead_id,"M-Film Number",record_title,ead_location
F69M-690,F69M-690,M-690,"Haycraft family papers",https://exploreuk.uky.edu/fa/findingaid/?id=xt74f47gqw0k
F70M-731,F70M-731,M-731,"Julia Hoge (Spencer) Ardery genealogy collection",https://exploreuk.uky.edu/fa/findingaid/?id=xt78gt5fbr81
154FM-114,kukm154fm_114,M-114,"Mays Lick Presbyterian Church records",https://exploreuk.uky.edu/fa/findingaid/?id=xt70rx937t2j
154M-124,kukm154m_124,M-124,"A. H. Tarvin scrapbook",https://exploreuk.uky.edu/fa/findingaid/?id=xt7x3f4kmn4g
165M-610,kukm165m_610,M-610,"Daniel Keller Weis papers",https://exploreuk.uky.edu/fa/findingaid/?id=xt7z610vr146
176M-777,kukm176m_777,M-777,"Edna Talbott Whitley scrapbook",https://exploreuk.uky.edu/fa/findingaid/?id=xt73xs5j9s64
1F49M-39,kukm1f49m_39,M-039,"Charles Richard Staples memorandum and history",https://exploreuk.uky.edu/fa/findingaid/?id=xt7tqj77td23
1F49M-91,kukm1f49m_91,M-091,"Notes on Morton School",https://exploreuk.uky.edu/fa/findingaid/?id=xt747d2q5d8f
1F50M-37,kukm1f50m_37,M-037,"Lancaster Lodge Freemasons record book",https://exploreuk.uky.edu/fa/findingaid/?id=xt7ncj87hp9w
1F50M-6,kukm1f50m_6,M-006,"Stephen Gano Burbridge letters",https://exploreuk.uky.edu/fa/findingaid/?id=xt7xwd3pwc78
1F51M-17,kukm1f51m_17,M-017,"Cyrenius Wait Papers",https://exploreuk.uky.edu/fa/findingaid/?id=xt7gth8bgp81
1F51M-4,kukm1f51m_4,M-004,"Records of the presbyteries in Kentucky,",https://exploreuk.uky.edu/fa/findingaid/?id=xt7sf7664k6t
1F51M-45,kukm1f51m_45,M-045,"John W. Tuttle papers",https://exploreuk.uky.edu/fa/findingaid/?id=xt72z31ngm46
1F51M-56,kukm1f51m_56,M-056,"Forsythe family papers",https://exploreuk.uky.edu/fa/findingaid/?id=xt7cfx73v90w
1F52M-16,kukm1f52m_16,M-016,"John Lyle diary",https://exploreuk.uky.edu/fa/findingaid/?id=xt7j6q1sfq0v
1F52M-54,kukm1f52m_54,M-054,"Benjamin Wilson papers",https://exploreuk.uky.edu/fa/findingaid/?id=xt78sf2m6d5m
1F52M-58,kukm1f52m_58,M-058,"Louisville Presbytery, Presbyterian Church in the U.S.A. records",https://exploreuk.uky.edu/fa/findingaid/?id=xt72bv79sb4k
1F52M-61,kukm1f52m_61,M-061,"Mt. Horeb Presbyterian Church records",https://exploreuk.uky.edu/fa/findingaid/?id=xt7gms3jx81q
1F52M-65,kukm1f52m_65,M-065,"James Rogers papers",https://exploreuk.uky.edu/fa/findingaid/?id=xt759z908t9x
1F52M-67,kukm1f52m_67,M-067,"Transylvania Presbytery, Presbyterian Church in the U.S.A. records",https://exploreuk.uky.edu/fa/findingaid/?id=xt7b5m625g4m
1F52M-74,kukm1f52m_74,M-074,"First and Second Presbyterian Churches Records",https://exploreuk.uky.edu/fa/findingaid/?id=xt700000031r
1F52M-78,kukm1f52m_78,M-078,"Edward Combs Watts papers",https://exploreuk.uky.edu/fa/findingaid/?id=xt7d7w67412x
1F53M-109,kukm1f53m_109,M-109,"William Stuart Lester letters dealing with the Goebel affair",https://exploreuk.uky.edu/fa/findingaid/?id=xt79kd1qg63x
1F53M-269,kukm1f53m_269,M-269,"Memoir of William T. Love",https://exploreuk.uky.edu/fa/findingaid/?id=xt751c1tf62d
1F53M-73,kukm1f53m_73,M-073,"Midway Presbyterian Church records",https://exploreuk.uky.edu/fa/findingaid/?id=xt7ttd9n3m9t
1F53M-77,kukm1f53m_77,M-077,"Fackler family papers",https://exploreuk.uky.edu/fa/findingaid/?id=xt7vt43hxs77
1F53M-79,kukm1f53m_79,M-079,"Quicksand, Kentucky, Regular Baptist Church records",https://exploreuk.uky.edu/fa/findingaid/?id=xt776h4cnz3j
1F53M-82,kukm1f53m_82,M-082,"Hazel Green, Kentucky, First Presbyterian Church session book",https://exploreuk.uky.edu/fa/findingaid/?id=xt7hqb9v1m81
1F53M-89,kukm1f53m_89,M-089,"Lair Presbyterian Church records",https://exploreuk.uky.edu/fa/findingaid/?id=xt7t7659d92v
1F54M-103,kukm1f54m_103,M-103,"Menifee Memorial Church records",https://exploreuk.uky.edu/fa/findingaid/?id=xt7v6w967h73
1F54M-116,kukm1f54m_116,M-116,"Edward Henry Hobson letterbook and miscellany",https://exploreuk.uky.edu/fa/findingaid/?id=xt78gt5fbs95
1F54M-130,kukm1f54m_130,M-130,"Edward Callistus Barlow papers",https://exploreuk.uky.edu/fa/findingaid/?id=xt731z41rt9p
1F54M-131,kukm1f54m_131,M-131,"William Johnson Stone papers",https://exploreuk.uky.edu/fa/findingaid/?id=xt77sq8qc82b
1F54M-139,kukm1f54m_139,M-139,"Albert Gallatin Rhea papers",https://exploreuk.uky.edu/fa/findingaid/?id=xt72fq9q2h57
1F54M-141,kukm1f54m_141,M-141,"Kate M. Sandford vs. William Goebel papers",https://exploreuk.uky.edu/fa/findingaid/?id=xt7gqn5z6f54
1F54M-144,kukm1f54m_144,M-144,"Mrs. George F. Eaton papers",https://exploreuk.uky.edu/fa/findingaid/?id=xt7ngf0msx2d
1F54M-151,kukm1f54m_151,M-151,"Nora Hackett Gayle papers",https://exploreuk.uky.edu/fa/findingaid/?id=xt76hd7npf75
1F54M-182,kukm1f54m_182,M-182,"Harbeson family scrapbook",https://exploreuk.uky.edu/fa/findingaid/?id=xt7rjd4pkn3m
1F54M-754,kukm1f54m_754,M-754,"Anne Smith Clay McDowell papers",https://exploreuk.uky.edu/fa/findingaid/?id=xt7v9s1khq4d
1F55M-146,kukm1f55m_146,M-146,"Kentucky Court of Appeals general index books",https://exploreuk.uky.edu/fa/findingaid/?id=xt79p843rc54
1F55M-149,kukm1f55m_149,M-149,"Fisher family papers",https://exploreuk.uky.edu/fa/findingaid/?id=xt7m639k422t
1F55M-165,kukm1f55m_165,M-165,"Urey Woodson papers",https://exploreuk.uky.edu/fa/findingaid/?id=xt79zw18m242
1F55M-166,kukm1f55m_166,M-166,"Lonsdale, Walton and Company records",https://exploreuk.uky.edu/fa/findingaid/?id=xt7r7s7hr05z
1F55M-167,kukm1f55m_167,M-167,"Joseph A. Sweeney journal",https://exploreuk.uky.edu/fa/findingaid/?id=xt779c6rz584
1F55M-169,kukm1f55m_169,M-169,"Edward Guerrant autograph book from Johnson's Island and Bible with records of Confederate prisoners",https://exploreuk.uky.edu/fa/findingaid/?id=xt78930nsb7m
1F55M-171,kukm1f55m_171,M-171,"John M. Prewitt papers",https://exploreuk.uky.edu/fa/findingaid/?id=xt7pk06wx860
1F55M-177,kukm1f55m_177,M-177,"Joseph H. Lewis papers",https://exploreuk.uky.edu/fa/findingaid/?id=xt702v2c8948
1F55M-184,kukm1f55m_184,M-184,"Salem Presbyterian Church records",https://exploreuk.uky.edu/fa/findingaid/?id=xt7pzg6g258r
1F55M-211,kukm1f55m_211,M-211,"James M. Richardson papers",https://exploreuk.uky.edu/fa/findingaid/?id=xt7brv0cvs5h
1F55M-212,kukm1f55m_212,M-212,"Ollie M. James papers",https://exploreuk.uky.edu/fa/findingaid/?id=xt7wst7ds00z
1F56M-188,kukm1f56m_188,M-188,"Luther C. Jeffries papers",https://exploreuk.uky.edu/fa/findingaid/?id=xt7xsj19m47k
1F56M-189,kukm1f56m_189,M-189,"Falmouth, Kentucky Board of Trustees minutes",https://exploreuk.uky.edu/fa/findingaid/?id=xt779c6rz52m
1F56M-192,kukm1f56m_192,M-192,"Vernon C. Stubblefield papers",https://exploreuk.uky.edu/fa/findingaid/?id=xt7nk931334m
1F56M-207,kukm1f56m_207,M-207,"Daniel Turner papers",https://exploreuk.uky.edu/fa/findingaid/?id=xt73xs5j9t2b
1F56M-208,kukm1f56m_208,M-208,"Lexington Board of Park Commissioners and Civic League minutes",https://exploreuk.uky.edu/fa/findingaid/?id=xt7g7940sd3s
1F56M-232,kukm1f56m_232,M-232,"Reminiscences of Science Hill School: typescript, 1897",https://exploreuk.uky.edu/fa/findingaid/?id=xt751c1tf61t
M-234,kukm1f56m_234,M-234,"James and Thomas Johnston papers",https://exploreuk.uky.edu/fa/findingaid/?id=xt79s46h1m2j
1F56M-237,kukm1f56m_237,M-237,"Mt. Pleasant Baptist Church records",https://exploreuk.uky.edu/fa/findingaid/?id=xt7m901zd890
1F56M-239,kukm1f56m_239,M-239,"Hunt-Morgan family papers",https://exploreuk.uky.edu/fa/findingaid/?id=xt71jw86hk1w
1F56M-246,kukm1f56m_246,M-246,"Charles Julian journal",https://exploreuk.uky.edu/fa/findingaid/?id=xt7b2r3nw75k
1F56M-252,kukm1f56m_252,M-252,"John Fox, Jr. and Madison J. Cawein letters to Micajah Fible",https://exploreuk.uky.edu/fa/findingaid/?id=xt7mkk947x18
1F56M-284,kukm1f56m_284,M-284,"Edward Henry Hobson papers",https://exploreuk.uky.edu/fa/findingaid/?id=xt7v6w967h6h
1F57M-125,kukm1f57m_125,M-125,"James H. Polsgrove papers",https://exploreuk.uky.edu/fa/findingaid/?id=xt74qr4nkj5g
1F57M-230,kukm1f57m_230,M-230,"Murray Circuit, Methodist Episcopal Church records",https://exploreuk.uky.edu/fa/findingaid/?id=xt7vhh6c3492
1F57M-244,kukm1f57m_244,M-244,"Ollie M. James papers",https://exploreuk.uky.edu/fa/findingaid/?id=xt7wst7ds00z
1F57M-249,kukm1f57m_249,M-249,"Medical records",https://exploreuk.uky.edu/fa/findingaid/?id=xt7k9882k376
1F57M-264,kukm1f57m_264,M-264,"Family Bible records",https://exploreuk.uky.edu/fa/findingaid/?id=xt7r222r5h8r
1F57M-270,kukm1f57m_270,M-270,"Enoch Smith Wilson papers",https://exploreuk.uky.edu/fa/findingaid/?id=xt7mcv4bpg48
1F58M-258,kukm1f58m_258,M-258,"Jacob Ward Rust autobiography",https://exploreuk.uky.edu/fa/findingaid/?id=xt786688h500
1F58M-263,kukm1f58m_263,M-263,"Keene family genealogical papers",https://exploreuk.uky.edu/fa/findingaid/?id=xt7pg44hn29m
1F58M-419,kukm1f58m_419,M-419,"St. Joseph's College accounts with W.H.H. Witherell for Wells Huston",https://exploreuk.uky.edu/fa/findingaid/?id=xt7c599z0n5w
1F59M-222,kukm1f59m_222,M-222,"John Allen Gano papers",https://exploreuk.uky.edu/fa/findingaid/?id=xt7tht2g7z52
1F59M-227,kukm1f59m_227,M-227,"Brutus J. Clay papers",https://exploreuk.uky.edu/fa/findingaid/?id=xt75tb0xpw79
1F59M-272,kukm1f59m_272,M-272,"George L. Douglass papers",https://exploreuk.uky.edu/fa/findingaid/?id=xt7m3775tt6g
1F59M-273,kukm1f59m_273,M-273,"Stamping Ground Baptist Church records",https://exploreuk.uky.edu/fa/findingaid/?id=xt7hdr2p610j
1F59M-298,kukm1f59m_298,M-298,"Alma Owens Tibbals papers",https://exploreuk.uky.edu/fa/findingaid/?id=xt7sxk84jp62
1F59M-302,kukm1f59m_302,M-302,"Kentucky portion of John M. Clayton papers",https://exploreuk.uky.edu/fa/findingaid/?id=xt7bvq2s508d
1F59M-308,kukm1f59m_308,M-308,"Camargo and Grassy Lick Methodist Episcopal Churches records",https://exploreuk.uky.edu/fa/findingaid/?id=xt72ng4gmz61
1F59M-309,kukm1f59m_309,M-309,"Thomas M. Allen papers",https://exploreuk.uky.edu/fa/findingaid/?id=xt7f1v5bcr9w
1F59M-355,kukm1f59m_355,M-355,"Underwood family papers",https://exploreuk.uky.edu/fa/findingaid/?id=xt7qjq0srf4h
1F59M-405,kukm1f59m_405,M-405,"George L. McCord papers",https://exploreuk.uky.edu/fa/findingaid/?id=xt712j683g1n
1F59M-59,kukm1f59m_59,M-059,"Pond Creek, Ky. Ku Klux Klan membership roll",https://exploreuk.uky.edu/fa/findingaid/?id=xt72542j6w7x
1F60M-312,kukm1f60m_312,M-312,"Burrell H. Thurman papers",https://exploreuk.uky.edu/fa/findingaid/?id=xt7gb56d2m3d
1F60M-313,kukm1f60m_313,M-313,"Farnsley family papers",https://exploreuk.uky.edu/fa/findingaid/?id=xt78w950gn7x
1F60M-315,kukm1f60m_315,M-315,"Presbyterian Church records",https://exploreuk.uky.edu/fa/findingaid/?id=xt7fn29p329n
1F60M-316,kukm1f60m_316,M-316,"Florence Kentucky Presbyterian Church records",https://exploreuk.uky.edu/fa/findingaid/?id=xt7p8c9r2m7q
1F60M-317,kukm1f60m_317,M-317,"Pisgah Presbyterian Church records",https://exploreuk.uky.edu/fa/findingaid/?id=xt7zs756f94z
1F60M-318,kukm1f60m_318,M-318,"Mt. Eden Christian Church records",https://exploreuk.uky.edu/fa/findingaid/?id=xt78930nsb2p
1F60M-321,kukm1f60m_321,M-321,"James Campbell Cantrill papers",https://exploreuk.uky.edu/fa/findingaid/?id=xt7dbr8md85c
1F60M-329,kukm1f60m_329,M-329,"Memoirs, to which is prefixed the genealogy and brief historical account of those from whom he is lineally descended: typescript",https://exploreuk.uky.edu/fa/findingaid/?id=xt7xd21rg85v
1F60M-343,kukm1f60m_343,M-343,"Kentucky State Federation of Labor records",https://exploreuk.uky.edu/fa/findingaid/?id=xt770r9m3h4x
1F60M-345,kukm1f60m_345,M-345,"Registered Pharmacists, Local No. 48 and Retail Clerks International Protective Association, Local No. 64 records",https://exploreuk.uky.edu/fa/findingaid/?id=xt7hhm52g62r
1F60M-353,kukm1f60m_353,M-353,"Troy Presbyterian Church records",https://exploreuk.uky.edu/fa/findingaid/?id=xt7t1g0htv83
1F60M-360,kukm1f60m_360,M-360,"Cincinnatus Shryock scrapbook",https://exploreuk.uky.edu/fa/findingaid/?id=xt7mgq6qzp8r
1F60M-361,kukm1f60m_361,M-361,"John Graham record book",https://exploreuk.uky.edu/fa/findingaid/?id=xt7ht7279w24
1F60M-367,kukm1f60m_367,M-367,"Jessamine County, Ky. records",https://exploreuk.uky.edu/fa/findingaid/?id=xt7z348gft2f
1F60M-393,kukm1f60m_393,M-393,"Albert Shelby Willis Political Scrapbooks",https://exploreuk.uky.edu/fa/findingaid/?id=xt7g4f1mh55t
1F60M-408,kukm1f60m_408,M-408,"Mary Cosby Shelby correspondence",https://exploreuk.uky.edu/fa/findingaid/?id=xt7rn872vt95
1F61M-371,kukm1f61m_371,M-371,"Manning-Biggs family papers",https://exploreuk.uky.edu/fa/findingaid/?id=xt72804xh296
1F61M-383,kukm1f61m_383,M-383,"John Wilson papers",https://exploreuk.uky.edu/fa/findingaid/?id=xt7m639k4217
1F61M-396,kukm1f61m_396,M-396,"George T. Farris papers",https://exploreuk.uky.edu/fa/findingaid/?id=xt7s1r6n0r23
1F61M-404,kukm1f61m_404,M-404,"Letters to George W. Williams from John Andrew Prall and others",https://exploreuk.uky.edu/fa/findingaid/?id=xt72jm23br82
1F61M-410,kukm1f61m_410,M-410,"Shakertown Hotel register",https://exploreuk.uky.edu/fa/findingaid/?id=xt7jm61bkm33
1F61M-411,kukm1f61m_411,M-411,"Henry Cleveland Wood scrapbook",https://exploreuk.uky.edu/fa/findingaid/?id=xt73n58cg478
1F61M-512,kukm1f61m_512,M-512,"James Shanklin papers",https://exploreuk.uky.edu/fa/findingaid/?id=xt74mw289946
1F62M-436,kukm1f62m_436,M-436,"Lee and Lashbrooke Company records",https://exploreuk.uky.edu/fa/findingaid/?id=xt7f4q7qp01d
1F62M-440,kukm1f62m_440,M-440,"Twyman Brothers records",https://exploreuk.uky.edu/fa/findingaid/?id=xt7dfn10pf5b
1F62M-444,kukm1f62m_444,M-444,"Edwards-Reed family papers",https://exploreuk.uky.edu/fa/findingaid/?id=xt79s46h1m82
1F62M-445,kukm1f62m_445,M-445,"Samuel Woodson Price papers",https://exploreuk.uky.edu/fa/findingaid/?id=xt7p2n4zh70z
1F62M-453,kukm1f62m_453,M-453,"Kentucky Court of Appeals case records",https://exploreuk.uky.edu/fa/findingaid/?id=xt7bvq2s507t
1F62M-454,kukm1f62m_454,M-454,"Mt. Zion Baptist Church, Graves County records",https://exploreuk.uky.edu/fa/findingaid/?id=xt7hmg7frd90
1F62M-455,kukm1f62m_455,M-455,"Predestinarian Baptist Church records",https://exploreuk.uky.edu/fa/findingaid/?id=xt7t4b2x4376
1F62M-456,kukm1f62m_456,M-456,"Broadway Methodist Church records",https://exploreuk.uky.edu/fa/findingaid/?id=xt77d7957c7m
1F62M-461,kukm1f62m_461,M-461,"Clay-Russell family papers",https://exploreuk.uky.edu/fa/findingaid/?id=xt7hx34mm21n
1F62M-462,kukm1f62m_462,M-462,"Fenley family papers",https://exploreuk.uky.edu/fa/findingaid/?id=xt7tdz02zq97
1F62M-465,kukm1f62m_465,M-465,"Union Baptist Church records",https://exploreuk.uky.edu/fa/findingaid/?id=xt7x959c6294
1F62M-466,kukm1f62m_466,M-466,"First Christian Church records",https://exploreuk.uky.edu/fa/findingaid/?id=xt7bk35m9b91
1F62M-467,kukm1f62m_467,M-467,"South Union Baptist Church records",https://exploreuk.uky.edu/fa/findingaid/?id=xt7wm32n6j4w
1F62M-470,kukm1f62m_470,M-470,"Richwood Presbyterian Church records",https://exploreuk.uky.edu/fa/findingaid/?id=xt72bv79s98c
1F62M-472,kukm1f62m_472,M-472,"Walter Herbert Rankins papers",https://exploreuk.uky.edu/fa/findingaid/?id=xt7gms3jx763
1F62M-541,kukm1f62m_541,M-541,"Flemingsburg Presbyterian Church session book",https://exploreuk.uky.edu/fa/findingaid/?id=xt7s4m918x49
1F62M-590,kukm1f62m_590,M-590,"Isaac Shelby papers",https://exploreuk.uky.edu/fa/findingaid/?id=xt72ng4gmz0h
1F62M-591,kukm1f62m_591,M-591,"Alben W. Barkley file from Truman Presidential papers",https://exploreuk.uky.edu/fa/findingaid/?id=xt7t7659d918
1F63M-205,kukm1f63m_205,M-205,"Joseph Cabell Harrison sermons",https://exploreuk.uky.edu/fa/findingaid/?id=xt7g1j976z6t
1F63M-481,kukm1f63m_481,M-481,"C. H. Ashton scrapbook",https://exploreuk.uky.edu/fa/findingaid/?id=xt7w9g5gbw8w
1F63M-482,kukm1f63m_482,M-482,"Rebekah Lodge scrapbook",https://exploreuk.uky.edu/fa/findingaid/?id=xt7k0p0wqg2z
1F63M-485,kukm1f63m_485,M-485,"Jerusalem and Sinking Springs Baptist Churches records",https://exploreuk.uky.edu/fa/findingaid/?id=xt7qv97zm363
1F63M-497,kukm1f63m_497,M-497,"Lucy Chenault Anderson scrapbook",https://exploreuk.uky.edu/fa/findingaid/?id=xt71c53dz448
1F63M-506,kukm1f63m_506,M-506,"David Rice sermons",https://exploreuk.uky.edu/fa/findingaid/?id=xt7cnp1wdq4x
1F63M-508,kukm1f63m_508,M-508,"Smithland Kentucky Board of Trustees records",https://exploreuk.uky.edu/fa/findingaid/?id=xt7sxk84jn4b
1F63M-511,kukm1f63m_511,M-511,"William Cooper Weaks papers",https://exploreuk.uky.edu/fa/findingaid/?id=xt7q833mwt7v
1F63M-514,kukm1f63m_514,M-514,"Woolfolk family genealogy",https://exploreuk.uky.edu/fa/findingaid/?id=xt70rx937v5v
1F63M-515,kukm1f63m_515,M-515,"Western Kentucky family Bible records",https://exploreuk.uky.edu/fa/findingaid/?id=xt7jq23qvt5d
1F63M-534,kukm1f63m_534,M-534,"Hickman County, Kentucky, militia roll",https://exploreuk.uky.edu/fa/findingaid/?id=xt73r20rrc1c
1F63M-535,kukm1f63m_535,M-535,"St. Paul's Episcopal Church records",https://exploreuk.uky.edu/fa/findingaid/?id=xt74tm71vr1q
1F63M-539,kukm1f63m_539,M-539,"Western Kentucky family histories of the Bonner, Cloyse and Cason families",https://exploreuk.uky.edu/fa/findingaid/?id=xt7h445hbb1m
1F63M-546,kukm1f63m_546,M-546,"Samuel Haycraft diaries",https://exploreuk.uky.edu/fa/findingaid/?id=xt7sn00zq06j
1F63M-552,kukm1f63m_552,M-552,"Independent Order of Odd Fellows, Flemingsburg, Ky., records",https://exploreuk.uky.edu/fa/findingaid/?id=xt734t6f215g
1F63M-560,kukm1f63m_560,M-560,"Audubon family papers",https://exploreuk.uky.edu/fa/findingaid/?id=xt7jh98z9c9j
1F64M-26,kukm1f64m_26,M-026,"Foley family papers",https://exploreuk.uky.edu/fa/findingaid/?id=xt7bzk55f71f
1F64M-558,kukm1f64m_558,M-558,"Brown C. Tucker papers",https://exploreuk.uky.edu/fa/findingaid/?id=xt7rbn9x1617
1F64M-563,kukm1f64m_563,M-563,"Kentucky Federation of Business and Professional Women's Clubs records",https://exploreuk.uky.edu/fa/findingaid/?id=xt71vh5cc69c
1F64M-575,kukm1f64m_575,M-575,"Letters honoring Dr. Riley B. Montgomery",https://exploreuk.uky.edu/fa/findingaid/?id=xt7bcc0tqw5d
1F64M-577,kukm1f64m_577,M-577,"Jonathan Ball Nichols papers",https://exploreuk.uky.edu/fa/findingaid/?id=xt7rn872vt47
1F64M-578,kukm1f64m_578,M-578,"Mrs. James M. and Miss Mary Gill collection of Bristow papers",https://exploreuk.uky.edu/fa/findingaid/?id=xt7xd21rg912
1F64M-579,kukm1f64m_579,M-579,"Robert Wickliffe letterbook",https://exploreuk.uky.edu/fa/findingaid/?id=xt7gf18sbt7w
1F64M-580,kukm1f64m_580,M-580,"Lucy Dupuy Craig Woolfolk diary",https://exploreuk.uky.edu/fa/findingaid/?id=xt71g15t7c1p
1F64M-586,kukm1f64m_586,M-586,"John B. Hutson papers",https://exploreuk.uky.edu/fa/findingaid/?id=xt79319s2300
1F64M-587,kukm1f64m_587,M-587,"L. F. Van Cleve journal",https://exploreuk.uky.edu/fa/findingaid/?id=xt7kkw57dr62
1F64M-602,kukm1f64m_602,M-602,"Doctors of Franklin County, KY: typescript",https://exploreuk.uky.edu/fa/findingaid/?id=xt70vt1gj15w
1F64M-727,kukm1f64m_727,M-727,"Halley family papers",https://exploreuk.uky.edu/fa/findingaid/?id=xt75mk654h4w
1F65M-592,kukm1f65m_592,M-592,"Georgetown Methodist Episcopal Church records",https://exploreuk.uky.edu/fa/findingaid/?id=xt715d8ncq3h
1F65M-598,kukm1f65m_598,M-598,"Paducah, Kentucky records collection",https://exploreuk.uky.edu/fa/findingaid/?id=xt7j9k45qz00
1F65M-607,kukm1f65m_607,M-607,"Liberty Baptist Church records",https://exploreuk.uky.edu/fa/findingaid/?id=xt7ttd9n3m5g
1F65M-612,kukm1f65m_612,M-612,"Swigert family papers",https://exploreuk.uky.edu/fa/findingaid/?id=xt74b853fn3n
1F65M-614,kukm1f65m_614,M-614,"Centenary Methodist Church records",https://exploreuk.uky.edu/fa/findingaid/?id=xt7pc824bt77
1F65M-615,kukm1f65m_615,M-615,"South Frankfort Presbyterian Church and Lower Benson Presbyterian Church scrapbook",https://exploreuk.uky.edu/fa/findingaid/?id=xt7v416sz94n
1F65M-623,kukm1f65m_623,M-623,"United States Embassy (Spain) records",https://exploreuk.uky.edu/fa/findingaid/?id=xt74mw289b0d
1F65M-627,kukm1f65m_627,M-627,"Rudolph Gottfried Zollinger diary",https://exploreuk.uky.edu/fa/findingaid/?id=xt7mpg1hj545
1F65M-643,kukm1f65m_643,M-643,"Louisville Nashville Railroad Company Board of Directors minutes",https://exploreuk.uky.edu/fa/findingaid/?id=xt71zc7rnf7w
1F66M-215,kukm1f66m_215,M-215,"Sardis Baptist Church records",https://exploreuk.uky.edu/fa/findingaid/?id=xt76q52f7v8w
1F66M-513,kukm1f66m_513,M-513,"First Christian Church, Philip Fall Memorial Library records",https://exploreuk.uky.edu/fa/findingaid/?id=xt7h707wmj4h
1F66M-622,kukm1f66m_622,M-622,"Harrodsburg, Kentucky, trustees minutes",https://exploreuk.uky.edu/fa/findingaid/?id=xt7xgx44rg4g
1F66M-626,kukm1f66m_626,M-626,"Hickman family papers",https://exploreuk.uky.edu/fa/findingaid/?id=xt7ghx15n095
1F66M-725,kukm1f66m_725,M-725,"Ripy family papers",https://exploreuk.uky.edu/fa/findingaid/?id=xt7r4x54fs0c
1F66M-758,kukm1f66m_758,M-758,"Joseph E. Seagram and Sons, Inc. records",https://exploreuk.uky.edu/fa/findingaid/?id=xt7dz02z3k16
1F67M-388,kukm1f67m_388,M-388,"Franklin County Medical Society records",https://exploreuk.uky.edu/fa/findingaid/?id=xt7kpr7mq02x
1F67M-53,kukm1f67m_53,7M-053,"Associate Reformed Presbyterian Church records",https://exploreuk.uky.edu/fa/findingaid/?id=xt7rfj299d4h
1F67M-62,kukm1f67m_62,7M-062,"Hubbard Hinde Kavanaugh letters to Mrs. Annie Kimbrough Kavenaugh",https://exploreuk.uky.edu/fa/findingaid/?id=xt75qf8jdp4g
1F67M-621,kukm1f67m_621,M-621,"Daviess County Distilling Company records",https://exploreuk.uky.edu/fa/findingaid/?id=xt7m0c4sjm59
1F67M-636,kukm1f67m_636,M-636,"Robert Alexander papers",https://exploreuk.uky.edu/fa/findingaid/?id=xt751c1tf518
1F67M-645,kukm1f67m_645,M-645,"John Owen Suter papers",https://exploreuk.uky.edu/fa/findingaid/?id=xt70cf9j403n
1F67M-683,kukm1f67m_683,M-683,"Extracts from the journal of Samuel Shepard",https://exploreuk.uky.edu/fa/findingaid/?id=xt7dnc5s7x31
1F67M-729,kukm1f67m_729,M-729,"Richard Hawes papers",https://exploreuk.uky.edu/fa/findingaid/?id=xt7zpc2t538q
1F69M-724,kukm1f69m_724,M-724,"Mt. Zion Baptist Church, Grant County, Ky. records",https://exploreuk.uky.edu/fa/findingaid/?id=xt7jq23qvs96
1F70M-700,kukm1f70m_700,M-700,"Alpheus W. Blinn Scrapbook",https://exploreuk.uky.edu/fa/findingaid/?id=xt7v6w967g5c
1F71M-721,kukm1f71m_721,M-721,"Baptist Church of Jesus Christ records",https://exploreuk.uky.edu/fa/findingaid/?id=xt7j3t9d5j0b
1F71M-722,kukm1f71m_722,M-722,"United Baptist Church of Jesus Christ records",https://exploreuk.uky.edu/fa/findingaid/?id=xt7zcr5n9g07
1F73M-768,kukm1f73m_768,M-768,"Preston family papers",https://exploreuk.uky.edu/fa/findingaid/?id=xt7n5t3fz78j
1F74M-760,kukm1f74m_760,M-760,"Ohio Valley Baptist College records",https://exploreuk.uky.edu/fa/findingaid/?id=xt7sxk84jp0j
1F74M-761,kukm1f74m_761,M-761,"Prewitt families of Kentucky typescript",https://exploreuk.uky.edu/fa/findingaid/?id=xt73ff3kwp95
1F74M-771,kukm1f74m_771,M-771,"Halley family papers",https://exploreuk.uky.edu/fa/findingaid/?id=xt7cz8928c36
1F75M-770,kukm1f75m_770,M-770,"Arnold Joseph Toynbee letters to Robert Darbishire, 1909-1948",https://exploreuk.uky.edu/fa/findingaid/?id=xt7w0v89h67x
1F76M-769,kukm1f76m_769,M-769,"Legal form book",https://exploreuk.uky.edu/fa/findingaid/?id=xt7sbc3svd1c
1F76M-775,kukm1f76m_775,M-775,"Lexington Parks and Recreation Department scrapbook and photo album",https://exploreuk.uky.edu/fa/findingaid/?id=xt72v6986d8g
1F76M-779,kukm1f76m_779,M-779,"Paducah Junior College scrapbooks",https://exploreuk.uky.edu/fa/findingaid/?id=xt7w9g5gbw79
1F76M-818,kukm1f76m_818,M-818,"Record of matriculations",https://exploreuk.uky.edu/fa/findingaid/?id=xt75tb0xpx2x
1F78M-794,kukm1f78m_794,M-794,"David's Fork Baptist Church records",https://exploreuk.uky.edu/fa/findingaid/?id=xt7bnz80kj97
1F78M-812,kukm1f78m_812,M-812,"First Baptist Church records",https://exploreuk.uky.edu/fa/findingaid/?id=xt70gb1xd54r
1F78M-817,kukm1f78m_817,M-817,"Clay family papers",https://exploreuk.uky.edu/fa/findingaid/?id=xt79057crv1w
1F79M-810,kukm1f79m_810,M-810,"Mt. Gilard Cumberland Presbyterian Church records",https://exploreuk.uky.edu/fa/findingaid/?id=xt7w3r0psg00
1F80M-791,kukm1f80m_791,M-791,"Christ Church Episcopal records",https://exploreuk.uky.edu/fa/findingaid/?id=xt7jsx64517s
1F80M-800,kukm1f80m_800,M-800,"Richwood Presbyterian Church records",https://exploreuk.uky.edu/fa/findingaid/?id=xt7qjq0srf9f
1F80M-801,kukm1f80m_801,M-801,"South Elkhorn Baptist Church Records",https://exploreuk.uky.edu/fa/findingaid/?id=xt7z610vr10v
1F80M-811,kukm1f80m_811,M-811,"Kentucky Postmasters Appointments",https://exploreuk.uky.edu/fa/findingaid/?id=xt77pv6b3160
1F81M-822,kukm1f81m_822,M-822,"Perry family papers",https://exploreuk.uky.edu/fa/findingaid/?id=xt7dfn10pf6x
1F82M-789,kukm1f82m_789,M-789,"Cabin Creek Presbyterian Church records",https://exploreuk.uky.edu/fa/findingaid/?id=xt7zgm81kn08
1F82M-793,kukm1f82m_793,M-793,"Washington, Ky. Trustees minutes",https://exploreuk.uky.edu/fa/findingaid/?id=xt70k649pd87
1F83M-787,kukm1f83m_787,M-787,"Orphan Society of Lexington records",https://exploreuk.uky.edu/fa/findingaid/?id=xt7jh98z9c8z
1F83M-790,kukm1f83m_790,M-790,"Richard J. Colbert scrapbooks",https://exploreuk.uky.edu/fa/findingaid/?id=xt73j9605x4v
1F83M-806,kukm1f83m_806,M-806,"Hunt-Bullock papers",https://exploreuk.uky.edu/fa/findingaid/?id=xt76dj58d70x
1F84M-788,kukm1f84m_788,M-788,"Bethel Baptist Church records",https://exploreuk.uky.edu/fa/findingaid/?id=xt7gxd0qrw6x
1F84M-796,kukm1f84m_796,M-796,"Elkton, Ky. City Council records",https://exploreuk.uky.edu/fa/findingaid/?id=xt7sf7664k2g
1F84M-799,kukm1f84m_799,M-799,"Maxwell Street Presbyterian Church records",https://exploreuk.uky.edu/fa/findingaid/?id=xt76q52f7v3z
1F84M-807,kukm1f84m_807,M-807,"St. John's Reformed Church records",https://exploreuk.uky.edu/fa/findingaid/?id=xt7cfx73vb0f
1F84M-808,kukm1f84m_808,M-808,"Evangelical Lutheran Emmanuel Church records",https://exploreuk.uky.edu/fa/findingaid/?id=xt7sqv3c079j
1991ms001,kukm1f86m_795,M-795,"Elizaville Presbyterian Church records",https://exploreuk.uky.edu/fa/findingaid/?id=xt770r9m3j04
1F86M-798,kukm1f86m_798,M-798,"Particular Baptist Church records",https://exploreuk.uky.edu/fa/findingaid/?id=xt7q2b8vbc5g
1F86M-802,kukm1f86m_802,M-802,"John M. Wilson ledger",https://exploreuk.uky.edu/fa/findingaid/?id=xt7r4x54fr5r
1F86M-803,kukm1f86m_803,M-803,"Nehemiah Camp Tunis Ledger",https://exploreuk.uky.edu/fa/findingaid/?id=xt71ns0kss34
1F87M-813,kukm1f87m_813,M-813,"First Presbyterian Church records",https://exploreuk.uky.edu/fa/findingaid/?id=xt7b5m625g08
1F87M-814,kukm1f87m_814,M-814,"Sardis Association of Old Regular Baptists records",https://exploreuk.uky.edu/fa/findingaid/?id=xt7w6m332n4v
1F87M-816,kukm1f87m_816,M-816,"Stearns Coal Strike information files",https://exploreuk.uky.edu/fa/findingaid/?id=xt7bg737149w
1F87M-820,kukm1f87m_820,M-820,"J. Winston Coleman scrapbooks",https://exploreuk.uky.edu/fa/findingaid/?id=xt7z8w38174w
1F87M-823,kukm1f87m_823,M-823,Synfuels,https://exploreuk.uky.edu/fa/findingaid/?id=xt741n7xm089
1F87M-825,kukm1f87m_825,M-825,"East Somerset Baptist Church records",https://exploreuk.uky.edu/fa/findingaid/?id=xt7djh3czp51
1F87M-826,kukm1f87m_826,M-826,"First Presbyterian Church records",https://exploreuk.uky.edu/fa/findingaid/?id=xt7q2b8vbc14
1F87M-827,kukm1f87m_827,M-827,"Union Christian Church records",https://exploreuk.uky.edu/fa/findingaid/?id=xt74b853fn22
1F87M-828,kukm1f87m_828,M-828,"John A. Lewis papers",https://exploreuk.uky.edu/fa/findingaid/?id=xt7pc824bt6n
1F87M-829,kukm1f87m_829,M-829,"Henry Watterson papers",https://exploreuk.uky.edu/fa/findingaid/?id=xt7qft8dg83d
1FM-108,kukm1fm_108,M-108,"John Wesley Hunt daybook",https://exploreuk.uky.edu/fa/findingaid/?id=xt72rb6vx62w
1FM-20,kukm1fm_20,M-020,"Leeland Hathaway speeches",https://exploreuk.uky.edu/fa/findingaid/?id=xt7msb3wtc97
1FM-28,kukm1fm_28,M-028,"Henry Clay Weaver letters",https://exploreuk.uky.edu/fa/findingaid/?id=xt7ns17snj6m
1FM-36,kukm1fm_36,M-036,"Transylvania University records",https://exploreuk.uky.edu/fa/findingaid/?id=xt7z8w381698
1FM-43,kukm1fm_43,M-043,"Thomas Johnson letters",https://exploreuk.uky.edu/fa/findingaid/?id=xt7cjs9h4h13
1FM-473,kukm1fm_473,M-473,"New Hope Presbyterian Church records",https://exploreuk.uky.edu/fa/findingaid/?id=xt7gms3jx70k
1FM-49,kukm1fm_49,M-049,"Andrew J. Oots Cooper Shop records",https://exploreuk.uky.edu/fa/findingaid/?id=xt766t0gtt06
1FM-566,kukm1fm_566,M-566,"E. E. Barton Collection",https://exploreuk.uky.edu/fa/findingaid/?id=xt7mgq6qzr1r
1FM-597,kukm1fm_597,M-597,"Stevens Store and Mill Records",https://exploreuk.uky.edu/fa/findingaid/?id=xt75hq3rv85v
1FM-95,kukm1fm_95,M-095,"Guerrant family papers",https://exploreuk.uky.edu/fa/findingaid/?id=xt7b8g8ffp6x
53M-266,kukm1m53m_266,M-266,"Ebenezer Associate Reformed Presbyterian Church and Clear Creek Presbyterian Church records",https://exploreuk.uky.edu/fa/findingaid/?id=xt7wm32n6j0j
M-835,kukmm_835,M-835,"Marshall's General Store Account book",https://exploreuk.uky.edu/fa/findingaid/?id=xt72fq9q2j6c
M-429,m_429,M-429,"United Confederate Veterans: John C. Breckinridge Camp records",https://exploreuk.uky.edu/fa/findingaid/?id=xt7rjd4pkm80
M-111,M-111,M-111,"Fayette County burnt records"," http://exploreuk.uky.edu/catalog/xt7m3775tv7m/guide"
M-121,M-121,M-121,"Goebel family papers",https://exploreuk.uky.edu/catalog/xt7dr785j35r
M-133,M-133,M-133,"Bruce Ferguson scrapbook",https://exploreuk.uky.edu/catalog/xt7gf18sbt2z
M-137,M-137,M-137,"Percy Haly scrapbook",https://exploreuk.uky.edu/catalog/xt7rxw47qg7z
M-158,M-158,M-158,"Augustus E. Woodward diary",https://exploreuk.uky.edu/fa/findingaid/?id=xt7dnc5s7w0q
M-181,M-181,M-181,"Lizzie Hardin diary",https://exploreuk.uky.edu/catalog/xt7j3t9d5g7b
M-205,M-205,M-205,"<title render=""italic"">Study of the Care of the Insane in Kentucky during the 1850s</title> typescript",https://exploreuk.uky.edu/catalog/xt76m901zn0k
M-224,M-224,M-224,"Lexington, Kentucky Board of Trustees records",https://exploreuk.uky.edu/fa/findingaid/?id=xt7prr1pgq69
M-29,M-29,M-029,"Kentucky Circuit Court (Pike County) records",https://exploreuk.uky.edu/fa/findingaid/?id=xt7kwh2d8f5c
M-301,M-301,M-301,"John Scott papers",https://exploreuk.uky.edu/fa/findingaid/?id=xt73r20rv47k
M-307,M-307,M-307,"C.S. Royster papers",https://exploreuk.uky.edu/catalog/xt7crj48sf00
M-319,M-319,M-319,"Archibald and Joseph Logan papers",https://exploreuk.uky.edu/fa/findingaid/?id=xt7pk06wx82n
M-320,M-320,M-320,"Barrow Unit papers",https://exploreuk.uky.edu/catalog/xt7v9s1khr0m
M-328,M-328,M-328,"Louisville Federation of Labor minutes",https://exploreuk.uky.edu/catalog/xt7zcr5n9f9z/guide
M-348,M-348,M-348,"Louisville deaths records",https://exploreuk.uky.edu/fa/findingaid/?id=xt7fqz22g14j
M-368,M-368,M-368,"Alice Todd Field diary",https://exploreuk.uky.edu/catalog/xt7f4q7qp06b
M-46,M-46,M-046,"District Superior Court of Kentucky records",https://exploreuk.uky.edu/fa/findingaid/?id=xt7stq5r8f2k
M-553,M-553,M-553,"William Sylvester Taylor papers",https://exploreuk.uky.edu/catalog/xt747d2q5g1f
M-557,M-557,M-557,"Rebecca Caudill papers [microfilm]",https://exploreuk.uky.edu/catalog/xt7hqb9v1n3n
M-593,M-593,M-593,"Marcella McKenna distillery collection",https://exploreuk.uky.edu/fa/findingaid/?id=xt7h707wmj8v
M-642,M-642,M-642,"Lexington, Kentucky, City-County Planning Commission records",https://exploreuk.uky.edu/fa/findingaid/?id=xt7hmg7frf56
M-69,M-69,M-069,"Central Christian Church records",https://exploreuk.uky.edu/fa/findingaid/?id=xt7mpg1hj49j
M-747,M-747,M-747,"John Brand letter books",https://exploreuk.uky.edu/catalog/xt72fq9q505h
M-751,M-751,M-751,"Paducah City Council minutes",https://exploreuk.uky.edu/fa/findingaid/?id=xt7cc24qk38c
M-805,M-805,M-805,"Aden G. Lovell papers",https://exploreuk.uky.edu/catalog/xt7b2r3nw879
M-809,M-809,M-809,"Charles E. Lowther collection on Mining",https://exploreuk.uky.edu/catalog/xt7pzg6g2486
M-246,,M-246,"Charles Julian Journal",https://exploreuk.uky.edu/fa/findingaid/?id=xt7b2r3nw75k
